shipment_id,carrier,origin_port,destination_port,container_type,departure_date,expected_arrival,delivered_date,invoice_amount_usd
SHP1001,OceanLink Lines,Nhava Sheva,Los Angeles,40ft,2026-07-20,2026-08-17,2026-08-15,3830
SHP1002,BlueWave Shipping,Nhava Sheva,New York,20ft,2026-07-25,2026-08-30,2026-08-28,2310
SHP1003,GlobalMariner,Mundra,Los Angeles,40ft,2026-07-30,2026-08-24,2026-08-25,4200
SHP1004,PacificStar Line,Chennai,Long Beach,20ft,2026-08-14,2026-09-14,2026-09-12,2230
SHP1005,AtlasSea Carriers,Kolkata,Houston,40ft,2026-08-09,2026-09-14,2026-09-16,4870
SHP1006,OceanLink Lines,Nhava Sheva,Savannah,20ft,2026-08-29,2026-10-01,2026-09-30,2535
SHP1007,BlueWave Shipping,Mundra,New York,40ft,2026-08-19,2026-09-23,,3870
SHP1008,GlobalMariner,Chennai,Savannah,40ft,2026-08-23,2026-09-24,,4960
SHP1009,PacificStar Line,Nhava Sheva,Houston,20ft,2026-09-03,2026-10-09,,2510
SHP1010,AtlasSea Carriers,Kolkata,Norfolk,40ft,2026-09-08,2026-10-11,,4680
SHP1011,OceanLink Lines,Nhava Sheva,Los Angeles,20ft,2026-09-18,2026-10-16,,2220
SHP1012,BlueWave Shipping,Mundra,Los Angeles,20ft,2026-09-20,2026-10-21,,1970
SHP1013,GlobalMariner,Nhava Sheva,New York,40ft,2026-09-16,2026-10-16,,4630
SHP1014,PacificStar Line,Chennai,Savannah,20ft,2026-09-13,2026-10-18,,2500
SHP1015,AtlasSea Carriers,Nhava Sheva,Houston,40ft,2026-09-25,2026-10-30,,4630
SHP1016,OceanLink Lines,Kolkata,Houston,20ft,2026-09-22,2026-10-28,,2710
SHP1017,BlueWave Shipping,Chennai,Long Beach,40ft,2026-09-26,2026-10-28,,3770
SHP1018,GlobalMariner,Mundra,New York,20ft,2026-09-23,2026-10-23,,2600
SHP1019,PacificStar Line,Nhava Sheva,Savannah,40ft,2026-09-27,2026-11-01,,4200
SHP1020,AtlasSea Carriers,Kolkata,Norfolk,20ft,2026-09-28,2026-10-31,,2530
